elo_rating,time,model
1257.9044621870382,1713826455.891,gpt-4-turbo-2024-04-09
1253.30890337973,1713826455.891,gpt-4-1106-preview
1251.4128279052454,1713826455.891,claude-3-opus-20240229
1248.811750254035,1713826455.891,gemini-1.5-pro-api-0409-preview
1247.8921925617112,1713826455.891,gpt-4-0125-preview
1212.9552506550563,1713826455.891,llama-3-70b-instruct
1208.2075828001111,1713826455.891,bard-jan-24-gemini-pro
1201.4268268727042,1713826455.891,claude-3-sonnet-20240229
1191.7290203019859,1713826455.891,command-r-plus
1188.247810969109,1713826455.891,gpt-4-0314
1180.566248813766,1713826455.891,claude-3-haiku-20240307
1164.5185335081437,1713826455.891,gpt-4-0613
1157.7803833864057,1713826455.891,mistral-large-2402
1152.9752862451523,1713826455.891,qwen1.5-72b-chat
1150.3933075625705,1713826455.891,reka-flash-21b-20240226-online
1149.7905360300044,1713826455.891,claude-1
1147.8271526091546,1713826455.891,command-r
1147.5686317436578,1713826455.891,reka-flash-21b-20240226
1147.3429575880243,1713826455.891,mistral-medium
1147.0766157529126,1713826455.891,llama-3-8b-instruct
1259.4083552062887,1713221655.891,gpt-4-turbo-2024-04-09
1253.7933091268446,1713221655.891,gpt-4-1106-preview
1253.6045828044457,1713221655.891,claude-3-opus-20240229
1249.3228775118478,1713221655.891,gpt-4-0125-preview
1218.9427462982503,1713221655.891,gemini-1.5-pro-api-0409-preview
1208.1307748998208,1713221655.891,bard-jan-24-gemini-pro
1202.0217143648254,1713221655.891,claude-3-sonnet-20240229
1192.3078418279779,1713221655.891,command-r-plus
1188.3587424013251,1713221655.891,gpt-4-0314
1180.7659094066187,1713221655.891,claude-3-haiku-20240307
1175.5803305014736,1713221655.891,reka-flash-21b-20240226-online
1164.041476978643,1713221655.891,gpt-4-0613
1157.8188627447344,1713221655.891,mistral-large-2402
1152.5220372019253,1713221655.891,qwen1.5-72b-chat
1149.5924902732172,1713221655.891,claude-1
1147.6190154165263,1713221655.891,mistral-medium
1147.5808463378623,1713221655.891,command-r
1135.6097570546553,1713221655.891,qwen1.5-32b-chat
1135.3243997438417,1713221655.891,gemini-pro-dev-api
1130.8147167641773,1713221655.891,claude-2.0
1255.707700481571,1712616855.891,claude-3-opus-20240229
1253.6881668833955,1712616855.891,gpt-4-1106-preview
1249.869698574374,1712616855.891,gpt-4-0125-preview
1207.5878632475738,1712616855.891,bard-jan-24-gemini-pro
1202.8370219418125,1712616855.891,claude-3-sonnet-20240229
1194.6880227752652,1712616855.891,command-r-plus
1188.2867666965851,1712616855.891,gpt-4-0314
1180.6414122533165,1712616855.891,claude-3-haiku-20240307
1163.321643471271,1712616855.891,gpt-4-0613
1157.7692778274377,1712616855.891,mistral-large-2402
1152.2368034311826,1712616855.891,qwen1.5-72b-chat
1149.1444884961281,1712616855.891,claude-1
1148.0106970642087,1712616855.891,mistral-medium
1147.292537341732,1712616855.891,command-r
1137.3933833948438,1712616855.891,qwen1.5-32b-chat
1133.5605795294462,1712616855.891,gemini-pro-dev-api
1130.0656793701153,1712616855.891,claude-2.0
1125.823843443798,1712616855.891,mistral-next
1118.2159652155963,1712616855.891,gpt-3.5-turbo-0613
1118.1276371443346,1712616855.891,claude-2.1
1255.3920310014012,1712012055.891,claude-3-opus-20240229
1251.7783073978856,1712012055.891,gpt-4-1106-preview
1249.4602105215802,1712012055.891,gpt-4-0125-preview
1205.3039861566544,1712012055.891,bard-jan-24-gemini-pro
1199.9962394205124,1712012055.891,claude-3-sonnet-20240229
1186.1051084824346,1712012055.891,gpt-4-0314
1176.867048592358,1712012055.891,claude-3-haiku-20240307
1160.8510994681849,1712012055.891,gpt-4-0613
1157.1369056939911,1712012055.891,mistral-large-2402
1150.195650266704,1712012055.891,qwen1.5-72b-chat
1148.214572703074,1712012055.891,command-r
1146.9571539139547,1712012055.891,claude-1
1146.5256333389057,1712012055.891,mistral-medium
1129.549966106741,1712012055.891,gemini-pro-dev-api
1127.6715704463386,1712012055.891,claude-2.0
1123.8898436487118,1712012055.891,mistral-next
1119.1734345987234,1712012055.891,starling-lm-7b-beta
1116.2302149661703,1712012055.891,claude-2.1
1116.2095717713885,1712012055.891,qwen1.5-14b-chat
1115.9153327540512,1712012055.891,gpt-3.5-turbo-0613
1253.171219629403,1711407255.891,claude-3-opus-20240229
1250.3046231212954,1711407255.891,gpt-4-1106-preview
1247.8066590032784,1711407255.891,gpt-4-0125-preview
1202.8704825012328,1711407255.891,bard-jan-24-gemini-pro
1198.2083882401546,1711407255.891,claude-3-sonnet-20240229
1184.0737247748207,1711407255.891,gpt-4-0314
1178.440945099844,1711407255.891,claude-3-haiku-20240307
1158.2561135542085,1711407255.891,gpt-4-0613
1156.5176790216615,1711407255.891,mistral-large-2402
1147.3456334180432,1711407255.891,qwen1.5-72b-chat
1145.4418872398403,1711407255.891,mistral-medium
1145.0798202434094,1711407255.891,claude-1
1130.303046090594,1711407255.891,starling-lm-7b-beta
1125.643156146121,1711407255.891,claude-2.0
1123.3087191214586,1711407255.891,gemini-pro-dev-api
1121.9807231650766,1711407255.891,mistral-next
1114.8704770820987,1711407255.891,claude-2.1
1114.0,1711407255.891,mixtral-8x7b-instruct-v0.1
1113.8521389134758,1711407255.891,gpt-3.5-turbo-0613
1112.5525065951977,1711407255.891,command-r
1250.7182362534363,1710802455.891,gpt-4-1106-preview
1249.665571841925,1710802455.891,claude-3-opus-20240229
1248.441915277916,1710802455.891,gpt-4-0125-preview
1202.426095948169,1710802455.891,bard-jan-24-gemini-pro
1192.5697127918845,1710802455.891,claude-3-sonnet-20240229
1184.3444389263254,1710802455.891,gpt-4-0314
1171.1333442368593,1710802455.891,claude-3-haiku-20240307
1158.4972182622712,1710802455.891,gpt-4-0613
1155.640331377173,1710802455.891,mistral-large-2402
1146.035741113821,1710802455.891,qwen1.5-72b-chat
1144.9311377215913,1710802455.891,mistral-medium
1144.611667072183,1710802455.891,claude-1
1125.5047492690364,1710802455.891,claude-2.0
1122.8968145551373,1710802455.891,mistral-next
1120.1012445446906,1710802455.891,gemini-pro-dev-api
1114.973639767708,1710802455.891,claude-2.1
1114.0,1710802455.891,mixtral-8x7b-instruct-v0.1
1113.4989884693177,1710802455.891,gpt-3.5-turbo-0613
1109.9147541092436,1710802455.891,gemini-pro
1103.4313021820142,1710802455.891,claude-instant-1
1250.550726859053,1710197655.891,gpt-4-1106-preview
1248.871666244972,1710197655.891,gpt-4-0125-preview
1247.3176520890288,1710197655.891,claude-3-opus-20240229
1201.95026031711,1710197655.891,bard-jan-24-gemini-pro
1190.0818819774609,1710197655.891,claude-3-sonnet-20240229
1184.7576753015755,1710197655.891,gpt-4-0314
1159.0124249810206,1710197655.891,gpt-4-0613
1154.8914327831355,1710197655.891,mistral-large-2402
1145.9962506084237,1710197655.891,qwen1.5-72b-chat
1144.6435518339572,1710197655.891,mistral-medium
1144.1288906856284,1710197655.891,claude-1
1125.287845023202,1710197655.891,claude-2.0
1122.9217452981466,1710197655.891,mistral-next
1116.8695372923287,1710197655.891,gemini-pro-dev-api
1114.93954556495,1710197655.891,claude-2.1
1114.0,1710197655.891,mixtral-8x7b-instruct-v0.1
1113.004709335386,1710197655.891,gpt-3.5-turbo-0613
1109.7728661665149,1710197655.891,gemini-pro
1103.1290055650793,1710197655.891,claude-instant-1
1101.6250029529772,1710197655.891,wizardlm-70b
1248.9529573996072,1709592855.891,gpt-4-1106-preview
1247.6632534678913,1709592855.891,gpt-4-0125-preview
1238.4563056844759,1709592855.891,claude-3-opus-20240229
1200.8953327838856,1709592855.891,bard-jan-24-gemini-pro
1183.6554679396015,1709592855.891,gpt-4-0314
1173.168405299996,1709592855.891,claude-3-sonnet-20240229
1159.720249654061,1709592855.891,mistral-large-2402
1159.2707251380193,1709592855.891,gpt-4-0613
1144.898942416807,1709592855.891,mistral-medium
1144.4019164616625,1709592855.891,qwen1.5-72b-chat
1143.9439908627326,1709592855.891,claude-1
1124.4406034513183,1709592855.891,claude-2.0
1121.9919712616413,1709592855.891,mistral-next
1114.8849007858137,1709592855.891,gemini-pro-dev-api
1114.0,1709592855.891,mixtral-8x7b-instruct-v0.1
1113.985922876227,1709592855.891,claude-2.1
1112.1096344589182,1709592855.891,gpt-3.5-turbo-0613
1108.949407392344,1709592855.891,gemini-pro
1102.176799470873,1709592855.891,claude-instant-1
1100.7124516080414,1709592855.891,wizardlm-70b
1248.4703545029306,1708988055.891,gpt-4-0125-preview
1247.5786005766047,1708988055.891,gpt-4-1106-preview
1203.9240952577657,1708988055.891,bard-jan-24-gemini-pro
1183.536455881784,1708988055.891,gpt-4-0314
1180.089277337672,1708988055.891,mistral-large-2402
1158.3414008553289,1708988055.891,gpt-4-0613
1144.5608662037678,1708988055.891,mistral-medium
1143.1844158825543,1708988055.891,claude-1
1142.5266837837264,1708988055.891,qwen1.5-72b-chat
1123.576805935728,1708988055.891,claude-2.0
1121.3362381343059,1708988055.891,mistral-next
1114.0,1708988055.891,mixtral-8x7b-instruct-v0.1
1113.812802501762,1708988055.891,gemini-pro-dev-api
1113.657354555902,1708988055.891,claude-2.1
1111.3552495958668,1708988055.891,gpt-3.5-turbo-0613
1108.3301409900178,1708988055.891,gemini-pro
1101.9488525057805,1708988055.891,claude-instant-1
1100.1174627613402,1708988055.891,wizardlm-70b
1099.318943090089,1708988055.891,gpt-3.5-turbo-0314
1098.4914317192677,1708988055.891,yi-34b-chat
1247.5292418108688,1708383255.891,gpt-4-1106-preview
1247.1035114330089,1708383255.891,gpt-4-0125-preview
1208.0263474071387,1708383255.891,bard-jan-24-gemini-pro
1184.1071255072093,1708383255.891,gpt-4-0314
1157.6853718916468,1708383255.891,gpt-4-0613
1144.7130939637711,1708383255.891,mistral-medium
1142.6964591074939,1708383255.891,claude-1
1141.7652830131005,1708383255.891,qwen1.5-72b-chat
1131.3093324740967,1708383255.891,mistral-next
1123.763284210946,1708383255.891,claude-2.0
1114.0,1708383255.891,mixtral-8x7b-instruct-v0.1
1113.7337233714206,1708383255.891,gemini-pro-dev-api
1113.390791791318,1708383255.891,claude-2.1
1111.2081178961228,1708383255.891,gpt-3.5-turbo-0613
1108.1545098679399,1708383255.891,gemini-pro
1101.6230024112815,1708383255.891,claude-instant-1
1101.3267656382973,1708383255.891,yi-34b-chat
1099.5588507043456,1708383255.891,wizardlm-70b
1098.965418608565,1708383255.891,gpt-3.5-turbo-0314
1096.251158646089,1708383255.891,tulu-2-dpo-70b
1247.7637585074776,1707778455.891,gpt-4-1106-preview
1246.7265028554648,1707778455.891,gpt-4-0125-preview
1214.5883091930582,1707778455.891,bard-jan-24-gemini-pro
1184.3194640075399,1707778455.891,gpt-4-0314
1157.4191564457315,1707778455.891,gpt-4-0613
1144.9539987049059,1707778455.891,mistral-medium
1143.150582061396,1707778455.891,claude-1
1136.8558283340403,1707778455.891,qwen1.5-72b-chat
1125.2742999523869,1707778455.891,claude-2.0
1115.8695765141476,1707778455.891,gemini-pro-dev-api
1114.0,1707778455.891,mixtral-8x7b-instruct-v0.1
1113.7282563280462,1707778455.891,claude-2.1
1111.9381013541158,1707778455.891,gpt-3.5-turbo-0613
1108.5671432496283,1707778455.891,gemini-pro
1104.969767681332,1707778455.891,yi-34b-chat
1102.7931199073792,1707778455.891,claude-instant-1
1100.1836480677925,1707778455.891,wizardlm-70b
1099.5555020280726,1707778455.891,gpt-3.5-turbo-0314
1096.800690021497,1707778455.891,tulu-2-dpo-70b
1092.7708542915368,1707778455.891,gpt-3.5-turbo-0125
1248.717508051229,1707173655.891,gpt-4-1106-preview
1248.1554915980985,1707173655.891,gpt-4-0125-preview
1219.6748887557837,1707173655.891,bard-jan-24-gemini-pro
1184.8920677620688,1707173655.891,gpt-4-0314
1157.048848469427,1707173655.891,gpt-4-0613
1146.107718778936,1707173655.891,mistral-medium
1143.784581851613,1707173655.891,claude-1
1137.6216222407231,1707173655.891,qwen1.5-72b-chat
1126.2644372802176,1707173655.891,claude-2.0
1116.0411545021134,1707173655.891,gemini-pro-dev-api
1114.0802262947573,1707173655.891,claude-2.1
1114.0,1707173655.891,mixtral-8x7b-instruct-v0.1
1112.7442702244957,1707173655.891,gpt-3.5-turbo-0613
1109.2864950841652,1707173655.891,gemini-pro
1108.9627101055505,1707173655.891,yi-34b-chat
1103.9591302400909,1707173655.891,claude-instant-1
1101.0032696419003,1707173655.891,wizardlm-70b
1100.0492477951618,1707173655.891,gpt-3.5-turbo-0314
1098.6263799411292,1707173655.891,gpt-3.5-turbo-0125
1097.6308841715133,1707173655.891,tulu-2-dpo-70b
1251.1550095908915,1706568855.891,gpt-4-0125-preview
1245.4450548830619,1706568855.891,gpt-4-1106-preview
1220.4403349540223,1706568855.891,bard-jan-24-gemini-pro
1182.4645818166869,1706568855.891,gpt-4-0314
1154.2295567312917,1706568855.891,gpt-4-0613
1144.0083534420182,1706568855.891,mistral-medium
1141.7130113820836,1706568855.891,claude-1
1124.0372445857995,1706568855.891,claude-2.0
1114.0,1706568855.891,mixtral-8x7b-instruct-v0.1
1111.6410570264684,1706568855.891,gemini-pro-dev-api
1111.384410789037,1706568855.891,claude-2.1
1110.5635186864974,1706568855.891,gpt-3.5-turbo-0613
1107.0281479272812,1706568855.891,yi-34b-chat
1106.9430252595037,1706568855.891,gemini-pro
1101.8733256130154,1706568855.891,claude-instant-1
1098.9564103392042,1706568855.891,wizardlm-70b
1097.5936618593955,1706568855.891,gpt-3.5-turbo-0314
1095.9209949109268,1706568855.891,tulu-2-dpo-70b
1086.738616686638,1706568855.891,vicuna-33b
1080.0077948912253,1706568855.891,starling-lm-7b-alpha
1241.1862929138986,1705964055.891,gpt-4-1106-preview
1204.3776735123647,1705964055.891,bard-jan-24-gemini-pro
1179.4662211218404,1705964055.891,gpt-4-0314
1151.0994306688733,1705964055.891,gpt-4-0613
1140.066844131905,1705964055.891,mistral-medium
1138.5595600414501,1705964055.891,claude-1
1120.1838780708422,1705964055.891,claude-2.0
1114.0,1705964055.891,mixtral-8x7b-instruct-v0.1
1109.141513305797,1705964055.891,gemini-pro-dev-api
1108.7373641315119,1705964055.891,claude-2.1
1106.3236779251813,1705964055.891,gpt-3.5-turbo-0613
1103.7775780482932,1705964055.891,gemini-pro
1101.369079891399,1705964055.891,yi-34b-chat
1098.9215211438316,1705964055.891,claude-instant-1
1094.9863437127945,1705964055.891,wizardlm-70b
1094.2830982448058,1705964055.891,gpt-3.5-turbo-0314
1094.032415695488,1705964055.891,tulu-2-dpo-70b
1084.0122859159574,1705964055.891,vicuna-33b
1076.979424549842,1705964055.891,starling-lm-7b-alpha
1070.6231521872603,1705964055.891,llama-2-70b-chat
1239.54152402884,1705359255.891,gpt-4-1106-preview
1179.928260931831,1705359255.891,gpt-4-0314
1149.5139911364054,1705359255.891,gpt-4-0613
1138.2901762875738,1705359255.891,mistral-medium
1137.3710373731396,1705359255.891,claude-1
1118.6419427836731,1705359255.891,claude-2.0
1114.0,1705359255.891,mixtral-8x7b-instruct-v0.1
1108.751605767758,1705359255.891,gemini-pro-dev-api
1107.782012244397,1705359255.891,claude-2.1
1104.6460764853641,1705359255.891,gpt-3.5-turbo-0613
1102.785588108492,1705359255.891,gemini-pro
1099.2842796570887,1705359255.891,yi-34b-chat
1097.6037642645547,1705359255.891,claude-instant-1
1093.5942604713077,1705359255.891,tulu-2-dpo-70b
1093.4213026132122,1705359255.891,gpt-3.5-turbo-0314
1093.1654357968068,1705359255.891,wizardlm-70b
1082.5304694154845,1705359255.891,vicuna-33b
1076.4512838751386,1705359255.891,starling-lm-7b-alpha
1071.7307486645261,1705359255.891,llama2-70b-steerlm-chat
1068.8623131691568,1705359255.891,llama-2-70b-chat
1240.3834697716593,1704754455.891,gpt-4-1106-preview
1180.5003984379243,1704754455.891,gpt-4-0314
1150.2745237822962,1704754455.891,gpt-4-0613
1139.0017348004942,1704754455.891,mistral-medium
1138.5735463102376,1704754455.891,claude-1
1120.0907318259142,1704754455.891,claude-2.0
1114.0,1704754455.891,mixtral-8x7b-instruct-v0.1
1108.6046993436848,1704754455.891,claude-2.1
1108.0891345950722,1704754455.891,gemini-pro-dev-api
1106.1139570375008,1704754455.891,gpt-3.5-turbo-0613
1103.6891272307757,1704754455.891,gemini-pro
1100.1178010952149,1704754455.891,yi-34b-chat
1098.923543302472,1704754455.891,claude-instant-1
1095.2935611335745,1704754455.891,tulu-2-dpo-70b
1094.74121351353,1704754455.891,wizardlm-70b
1094.6259380246606,1704754455.891,gpt-3.5-turbo-0314
1083.4466643974217,1704754455.891,vicuna-33b
1081.061296221229,1704754455.891,starling-lm-7b-alpha
1068.954241483419,1704754455.891,openhermes-2.5-mistral-7b
1068.7367617969605,1704754455.891,llama-2-70b-chat
1241.2523129361105,1704149655.891,gpt-4-1106-preview
1182.0702012380877,1704149655.891,gpt-4-0314
1150.8390451595596,1704149655.891,gpt-4-0613
1138.7800472777005,1704149655.891,claude-1
1135.467644661417,1704149655.891,mistral-medium
1121.2840693132525,1704149655.891,claude-2.0
1114.0,1704149655.891,mixtral-8x7b-instruct-v0.1
1108.9434925173962,1704149655.891,claude-2.1
1106.7236803341366,1704149655.891,gpt-3.5-turbo-0613
1104.65385296773,1704149655.891,gemini-pro
1100.115349809948,1704149655.891,yi-34b-chat
1099.5718511706589,1704149655.891,claude-instant-1
1097.0777280623463,1704149655.891,tulu-2-dpo-70b
1095.0968830386503,1704149655.891,gpt-3.5-turbo-0314
1095.0697104460023,1704149655.891,wizardlm-70b
1084.7320560996286,1704149655.891,vicuna-33b
1079.4769932030101,1704149655.891,starling-lm-7b-alpha
1068.8070602937805,1704149655.891,llama-2-70b-chat
1068.5049296838035,1704149655.891,openchat-3.5
1066.9172816734358,1704149655.891,openhermes-2.5-mistral-7b
1239.1037374086638,1703544855.891,gpt-4-1106-preview
1184.5110621818678,1703544855.891,gpt-4-0314
1151.1023053899946,1703544855.891,gpt-4-0613
1139.912261914546,1703544855.891,claude-1
1122.0309361658567,1703544855.891,claude-2.0
1114.0,1703544855.891,mixtral-8x7b-instruct-v0.1
1108.2705004586292,1703544855.891,claude-2.1
1107.819423020264,1703544855.891,gpt-3.5-turbo-0613
1106.0300459865136,1703544855.891,gemini-pro
1101.384784717344,1703544855.891,yi-34b-chat
1101.0911805080225,1703544855.891,claude-instant-1
1100.6689978730808,1703544855.891,tulu-2-dpo-70b
1096.5329947995983,1703544855.891,gpt-3.5-turbo-0314
1094.4451573504848,1703544855.891,wizardlm-70b
1085.7637990727117,1703544855.891,vicuna-33b
1080.3305358665075,1703544855.891,starling-lm-7b-alpha
1068.9249788946122,1703544855.891,llama-2-70b-chat
1068.5657813464704,1703544855.891,openhermes-2.5-mistral-7b
1068.360205839575,1703544855.891,openchat-3.5
1066.4818014097846,1703544855.891,pplx-70b-online
1230.310129839469,1702940055.891,gpt-4-1106-preview
1182.8216797466946,1702940055.891,gpt-4-0314
1148.3686796878328,1702940055.891,gpt-4-0613
1138.5257405861746,1702940055.891,claude-1
1120.4539164628836,1702940055.891,claude-2.0
1114.0,1702940055.891,mixtral-8x7b-instruct-v0.1
1108.2282134758864,1702940055.891,claude-2.1
1106.9164323201417,1702940055.891,gpt-3.5-turbo-0613
1101.474242629899,1702940055.891,gemini-pro
1099.8861052833377,1702940055.891,claude-instant-1
1099.760975258092,1702940055.891,yi-34b-chat
1098.6089581853298,1702940055.891,tulu-2-dpo-70b
1095.3471833207127,1702940055.891,gpt-3.5-turbo-0314
1093.6600422329032,1702940055.891,wizardlm-70b
1085.1981622809687,1702940055.891,vicuna-33b
1076.9519836123463,1702940055.891,starling-lm-7b-alpha
1067.8331149427518,1702940055.891,openchat-3.5
1067.4830098119614,1702940055.891,llama-2-70b-chat
1065.3936868749302,1702940055.891,pplx-70b-online
1065.0356414876678,1702940055.891,openhermes-2.5-mistral-7b
1261.0433799367433,1702335255.891,gpt-4-1106-preview
1232.9990226852367,1702335255.891,gpt-4-0314
1193.79514542491,1702335255.891,gpt-4-0613
1188.9258273703906,1702335255.891,claude-1
1166.4631991309227,1702335255.891,claude-2.0
1157.8836507437102,1702335255.891,claude-2.1
1152.731667785532,1702335255.891,gpt-3.5-turbo-0613
1146.614639364749,1702335255.891,claude-instant-1
1146.1991461562159,1702335255.891,tulu-2-dpo-70b
1143.5750195162655,1702335255.891,yi-34b-chat
1143.0394235079152,1702335255.891,gpt-3.5-turbo-0314
1139.017193352086,1702335255.891,wizardlm-70b
1133.62963328434,1702335255.891,vicuna-33b
1125.8772495659737,1702335255.891,starling-lm-7b-alpha
1118.5288555699924,1702335255.891,pplx-70b-online
1115.9492189905725,1702335255.891,openchat-3.5
1115.6816348044445,1702335255.891,openhermes-2.5-mistral-7b
1114.0,1702335255.891,mixtral-8x7b-instruct-v0.1
1113.6225704176104,1702335255.891,dolphin-2.2.1-mistral-7b
1112.235958780958,1702335255.891,gpt-3.5-turbo-1106
1188.7529340917777,1701730455.891,gpt-4-1106-preview
1179.1746843567341,1701730455.891,gpt-4-0314
1126.3348624927444,1701730455.891,gpt-4-0613
1125.3406445604917,1701730455.891,claude-1
1100.415480596607,1701730455.891,claude-2.0
1090.2495998475972,1701730455.891,claude-2.1
1085.1251117579488,1701730455.891,gpt-3.5-turbo-0613
1082.4612053817648,1701730455.891,claude-instant-1
1079.6510839859193,1701730455.891,gpt-3.5-turbo-0314
1075.4825940690473,1701730455.891,tulu-2-dpo-70b
1073.5283417159521,1701730455.891,yi-34b-chat
1071.3397378362517,1701730455.891,wizardlm-70b
1069.4851948102373,1701730455.891,pplx-70b-online
1067.469738725858,1701730455.891,vicuna-33b
1055.0849108280781,1701730455.891,starling-lm-7b-alpha
1050.72850035061,1701730455.891,openchat-3.5
1050.5655843970394,1701730455.891,openhermes-2.5-mistral-7b
1044.9024154403073,1701730455.891,gpt-3.5-turbo-1106
1044.0830699620744,1701730455.891,llama-2-70b-chat
1027.4426199673724,1701730455.891,wizardlm-13b
1187.0775761517318,1701125655.891,gpt-4-1106-preview
1182.5306281029507,1701125655.891,gpt-4-0314
1129.7834657436244,1701125655.891,claude-1
1126.5104790857288,1701125655.891,gpt-4-0613
1102.2222768348133,1701125655.891,claude-2.0
1086.936686456424,1701125655.891,claude-instant-1
1086.902878049857,1701125655.891,gpt-3.5-turbo-0613
1083.4015650577198,1701125655.891,yi-34b-chat
1082.953651950544,1701125655.891,gpt-3.5-turbo-0314
1082.0065591610717,1701125655.891,claude-2.1
1074.0370567924713,1701125655.891,tulu-2-dpo-70b
1072.0519690957597,1701125655.891,vicuna-33b
1068.9601034234468,1701125655.891,starling-lm-7b-alpha
1068.3346310972229,1701125655.891,wizardlm-70b
1052.1578578654755,1701125655.891,openchat-3.5
1046.7774847816163,1701125655.891,llama-2-70b-chat
1044.1161230852472,1701125655.891,gpt-3.5-turbo-1106
1029.7462851761625,1701125655.891,wizardlm-13b
1021.1079293167489,1701125655.891,zephyr-7b-beta
1016.142160059284,1701125655.891,vicuna-13b
1191.6138408928662,1700520855.891,gpt-4-1106-preview
1190.1315614625917,1700520855.891,gpt-4-0314
1139.123161844472,1700520855.891,claude-1
1133.0412671411073,1700520855.891,gpt-4-0613
1110.3151400720192,1700520855.891,claude-2.0
1095.666519951029,1700520855.891,gpt-3.5-turbo-0613
1093.658105303724,1700520855.891,claude-instant-1
1090.5204788764272,1700520855.891,gpt-3.5-turbo-0314
1081.7562314337345,1700520855.891,vicuna-33b
1072.7594993343178,1700520855.891,wizardlm-70b
1060.7742997235907,1700520855.891,openchat-3.5
1054.313880268102,1700520855.891,llama-2-70b-chat
1054.0635956346453,1700520855.891,gpt-3.5-turbo-1106
1037.3727406821022,1700520855.891,wizardlm-13b
1030.673712965778,1700520855.891,zephyr-7b-beta
1023.0631695083183,1700520855.891,vicuna-13b
1022.7591394426606,1700520855.891,qwen-14b-chat
1022.4471568190224,1700520855.891,mpt-30b-chat
1017.541256011624,1700520855.891,zephyr-7b-alpha
1015.3531993601254,1700520855.891,falcon-180b-chat
1191.2608039981965,1699916055.891,gpt-4-0314
1187.4798417555453,1699916055.891,gpt-4-1106-preview
1142.3687898994053,1699916055.891,claude-1
1132.6527937850128,1699916055.891,gpt-4-0613
1111.0611770105643,1699916055.891,claude-2.0
1094.9748356624136,1699916055.891,gpt-3.5-turbo-0613
1094.7843284412033,1699916055.891,claude-instant-1
1091.5930494039612,1699916055.891,gpt-3.5-turbo-0314
1081.9388641179355,1699916055.891,vicuna-33b
1072.9911975919783,1699916055.891,wizardlm-70b
1062.523488676186,1699916055.891,openchat-3.5
1055.699069350832,1699916055.891,gpt-3.5-turbo-1106
1054.4497256912146,1699916055.891,llama-2-70b-chat
1037.6589262273874,1699916055.891,wizardlm-13b
1030.420551868963,1699916055.891,zephyr-7b-beta
1023.536966794297,1699916055.891,vicuna-13b
1023.0233781053907,1699916055.891,mpt-30b-chat
1020.4209042479177,1699916055.891,qwen-14b-chat
1017.4674982764715,1699916055.891,zephyr-7b-alpha
1015.3683232610251,1699916055.891,falcon-180b-chat
1196.5318425997211,1699311255.891,gpt-4-0314
1147.8077159484344,1699311255.891,claude-1
1140.1885717383839,1699311255.891,gpt-4-0613
1117.4246374181037,1699311255.891,claude-2.0
1101.9459987247312,1699311255.891,gpt-3.5-turbo-0613
1100.642479504191,1699311255.891,claude-instant-1
1096.8607413274776,1699311255.891,gpt-3.5-turbo-0314
1085.907822647159,1699311255.891,vicuna-33b
1078.810010296835,1699311255.891,wizardlm-70b
1061.4826352166347,1699311255.891,llama-2-70b-chat
1044.3660159710112,1699311255.891,openchat-3.5
1042.998354300802,1699311255.891,wizardlm-13b
1035.9325805399442,1699311255.891,zephyr-7b-beta
1028.6853745643027,1699311255.891,mpt-30b-chat
1028.5082155727837,1699311255.891,vicuna-13b
1022.7912288162106,1699311255.891,zephyr-7b-alpha
1022.7532181068941,1699311255.891,qwen-14b-chat
1020.9611345384371,1699311255.891,falcon-180b-chat
1018.7176680851973,1699311255.891,guanaco-33b
1017.2746780906583,1699311255.891,llama-2-13b-chat
1198.1082697650443,1698706455.891,gpt-4-0314
1149.676828426208,1698706455.891,claude-1
1144.4232540071202,1698706455.891,gpt-4-0613
1117.6505863234734,1698706455.891,claude-2.0
1109.5687216172073,1698706455.891,gpt-3.5-turbo-0613
1102.5882504739116,1698706455.891,claude-instant-1
1098.3954410071794,1698706455.891,gpt-3.5-turbo-0314
1088.357123639835,1698706455.891,vicuna-33b
1079.4073334615564,1698706455.891,wizardlm-70b
1054.5676096006066,1698706455.891,llama-2-70b-chat
1042.603276647698,1698706455.891,wizardlm-13b
1033.8184901944546,1698706455.891,qwen-14b-chat
1033.1615901389157,1698706455.891,zephyr-7b-beta
1030.7716616862326,1698706455.891,vicuna-13b
1028.8248485384693,1698706455.891,mpt-30b-chat
1027.8374385873046,1698706455.891,falcon-180b-chat
1027.5091599296145,1698706455.891,zephyr-7b-alpha
1019.7832019544126,1698706455.891,guanaco-33b
1015.4976352997234,1698706455.891,codellama-34b-instruct
1013.3708964685545,1698706455.891,mistral-7b-instruct
1200.1896666989007,1698101655.891,gpt-4-0314
1154.9868895624504,1698101655.891,claude-1
1143.3700613702515,1698101655.891,gpt-4-0613
1118.815545990404,1698101655.891,claude-2.0
1108.568994592338,1698101655.891,gpt-3.5-turbo-0613
1105.1387727805272,1698101655.891,claude-instant-1
1100.3745779716676,1698101655.891,gpt-3.5-turbo-0314
1088.964604664361,1698101655.891,vicuna-33b
1080.5787903615887,1698101655.891,wizardlm-70b
1055.319512161367,1698101655.891,llama-2-70b-chat
1043.2022605639756,1698101655.891,wizardlm-13b
1041.8257545248316,1698101655.891,qwen-14b-chat
1032.2390361582318,1698101655.891,vicuna-13b
1029.6665381715802,1698101655.891,mpt-30b-chat
1026.4548201520593,1698101655.891,falcon-180b-chat
1024.6656458537022,1698101655.891,zephyr-7b-alpha
1021.1043763177111,1698101655.891,guanaco-33b
1015.2867744425121,1698101655.891,codellama-34b-instruct
1011.0973303018278,1698101655.891,llama-2-13b-chat
1009.9426864811215,1698101655.891,mistral-7b-instruct
1200.7115409213993,1697496855.891,gpt-4-0314
1156.7505182148218,1697496855.891,claude-1
1145.3884609554723,1697496855.891,gpt-4-0613
1117.6167588167277,1697496855.891,claude-2.0
1110.6800012840565,1697496855.891,gpt-3.5-turbo-0613
1106.0438682651102,1697496855.891,claude-instant-1
1100.8549211405625,1697496855.891,gpt-3.5-turbo-0314
1089.8531989922458,1697496855.891,vicuna-33b
1086.9312942221243,1697496855.891,wizardlm-70b
1055.4668982496457,1697496855.891,llama-2-70b-chat
1043.1895971998142,1697496855.891,wizardlm-13b
1040.6519793287614,1697496855.891,qwen-14b-chat
1032.3628546069833,1697496855.891,vicuna-13b
1030.1221828984892,1697496855.891,mpt-30b-chat
1029.4242716116764,1697496855.891,falcon-180b-chat
1021.5543158199574,1697496855.891,guanaco-33b
1016.9164389857809,1697496855.891,codellama-34b-instruct
1010.5816432381895,1697496855.891,llama-2-13b-chat
1006.9101562433788,1697496855.891,mistral-7b-instruct
993.650573647232,1697496855.891,palm-2
1202.059493947825,1696892055.891,gpt-4-0314
1158.0740162557368,1696892055.891,claude-1
1146.960812434869,1696892055.891,gpt-4-0613
1118.9230038326232,1696892055.891,claude-2.0
1113.3191958674058,1696892055.891,gpt-3.5-turbo-0613
1109.3660403682395,1696892055.891,claude-instant-1
1102.1719098142,1696892055.891,gpt-3.5-turbo-0314
1095.255612946766,1696892055.891,wizardlm-70b
1091.522348483964,1696892055.891,vicuna-33b
1055.4811691979962,1696892055.891,llama-2-70b-chat
1042.7145154116827,1696892055.891,wizardlm-13b
1033.4925227904587,1696892055.891,vicuna-13b
1031.408297158699,1696892055.891,mpt-30b-chat
1022.9062643955837,1696892055.891,guanaco-33b
1019.6356698451904,1696892055.891,falcon-180b-chat
1017.0619055430186,1696892055.891,codellama-34b-instruct
1012.2508079576099,1696892055.891,llama-2-13b-chat
1011.0082213679235,1696892055.891,mistral-7b-instruct
995.39929523775,1696892055.891,palm-2
992.7588370309916,1696892055.891,vicuna-7b
1200.7278294103203,1696287255.891,gpt-4-0314
1156.8080255851396,1696287255.891,claude-1
1150.0986831467003,1696287255.891,gpt-4-0613
1119.968995807846,1696287255.891,claude-2.0
1113.7188866023291,1696287255.891,gpt-3.5-turbo-0613
1110.6453349272667,1696287255.891,claude-instant-1
1105.7560326685489,1696287255.891,wizardlm-70b
1100.820631233714,1696287255.891,gpt-3.5-turbo-0314
1092.5400267685745,1696287255.891,vicuna-33b
1053.0157343893788,1696287255.891,llama-2-70b-chat
1041.2265195553687,1696287255.891,wizardlm-13b
1031.2671090035883,1696287255.891,vicuna-13b
1030.5660237782154,1696287255.891,mpt-30b-chat
1030.3011365339169,1696287255.891,falcon-180b-chat
1021.9113236921108,1696287255.891,guanaco-33b
1018.0757208173238,1696287255.891,mistral-7b-instruct
1016.0372301053818,1696287255.891,codellama-34b-instruct
1009.654995983389,1696287255.891,llama-2-13b-chat
992.6997446278272,1696287255.891,palm-2
991.6946411569662,1696287255.891,vicuna-7b
1201.1584944314704,1695682455.891,gpt-4-0314
1157.201391534803,1695682455.891,claude-1
1151.7260180299827,1695682455.891,gpt-4-0613
1119.3470688214036,1695682455.891,claude-2.0
1116.3736711105041,1695682455.891,gpt-3.5-turbo-0613
1114.418545507864,1695682455.891,claude-instant-1
1106.6965568954959,1695682455.891,wizardlm-70b
1101.2062776434727,1695682455.891,gpt-3.5-turbo-0314
1092.9242802735796,1695682455.891,vicuna-33b
1054.2593553584068,1695682455.891,llama-2-70b-chat
1039.6035238023946,1695682455.891,wizardlm-13b
1034.1143912322677,1695682455.891,falcon-180b-chat
1031.626126610229,1695682455.891,vicuna-13b
1030.95594758221,1695682455.891,mpt-30b-chat
1022.280137962844,1695682455.891,guanaco-33b
1016.0882903725937,1695682455.891,codellama-34b-instruct
1007.4759298473638,1695682455.891,llama-2-13b-chat
993.4699483004725,1695682455.891,palm-2
990.0933644458136,1695682455.891,vicuna-7b
987.377121602761,1695682455.891,llama-2-7b-chat
1201.6063992308273,1695077655.891,gpt-4-0314
1157.8640981262245,1695077655.891,gpt-4-0613
1157.6453323599444,1695077655.891,claude-1
1120.3968943230188,1695077655.891,claude-2.0
1120.3565366254281,1695077655.891,gpt-3.5-turbo-0613
1117.257658007969,1695077655.891,claude-instant-1
1109.9683480592805,1695077655.891,wizardlm-70b
1101.6243308837124,1695077655.891,gpt-3.5-turbo-0314
1092.9016162325709,1695077655.891,vicuna-33b
1060.6463721619984,1695077655.891,llama-2-70b-chat
1037.7148019215444,1695077655.891,wizardlm-13b
1031.8308630647555,1695077655.891,mpt-30b-chat
1031.585194745219,1695077655.891,vicuna-13b
1022.8094622769587,1695077655.891,guanaco-33b
1016.4391620233336,1695077655.891,codellama-34b-instruct
1004.3012848020692,1695077655.891,llama-2-13b-chat
993.6239753765504,1695077655.891,palm-2
990.9965087777024,1695077655.891,vicuna-7b
986.0247869167574,1695077655.891,llama-2-7b-chat
960.2701075565458,1695077655.891,koala-13b
1201.8108824799315,1694472855.891,gpt-4-0314
1160.723245679541,1694472855.891,gpt-4-0613
1157.8135482055977,1694472855.891,claude-1
1121.3179683760918,1694472855.891,claude-instant-1
1120.434386265564,1694472855.891,gpt-3.5-turbo-0613
1116.3815030832807,1694472855.891,claude-2.0
1111.015460783437,1694472855.891,wizardlm-70b
1101.7764157241288,1694472855.891,gpt-3.5-turbo-0314
1093.0243735431307,1694472855.891,vicuna-33b
1061.6092881221698,1694472855.891,llama-2-70b-chat
1036.644103058441,1694472855.891,wizardlm-13b
1031.4711130850512,1694472855.891,vicuna-13b
1031.263990209678,1694472855.891,mpt-30b-chat
1022.5948529455031,1694472855.891,guanaco-33b
1015.4244473748572,1694472855.891,codellama-34b-instruct
996.832311994208,1694472855.891,llama-2-13b-chat
993.2473613924575,1694472855.891,palm-2
990.9535616545305,1694472855.891,vicuna-7b
983.6778669781797,1694472855.891,llama-2-7b-chat
960.338431444153,1694472855.891,koala-13b
1206.5086385086554,1693868055.891,gpt-4-0314
1165.3764663688503,1693868055.891,gpt-4-0613
1162.4859058927389,1693868055.891,claude-1
1129.032464860431,1693868055.891,gpt-3.5-turbo-0613
1128.8161345002773,1693868055.891,claude-instant-1
1122.4478547907877,1693868055.891,claude-2.0
1106.4276012288624,1693868055.891,gpt-3.5-turbo-0314
1098.5649044164943,1693868055.891,vicuna-33b
1067.2127353602161,1693868055.891,llama-2-70b-chat
1038.5874531338748,1693868055.891,wizardlm-13b
1035.9976886517122,1693868055.891,mpt-30b-chat
1035.9478782689898,1693868055.891,vicuna-13b
1027.1032159231372,1693868055.891,guanaco-33b
1010.3683436005692,1693868055.891,codellama-34b-instruct
998.0369125521297,1693868055.891,llama-2-13b-chat
997.5427643979535,1693868055.891,palm-2
995.7409256686998,1693868055.891,vicuna-7b
982.1255105374769,1693868055.891,llama-2-7b-chat
964.9455505955976,1693868055.891,koala-13b
932.8814172913878,1693868055.891,gpt4all-13b-snoozy
1205.460472829979,1693263255.891,gpt-4-0314
1172.5022634783345,1693263255.891,gpt-4-0613
1161.4130912701512,1693263255.891,claude-1
1132.0833210017718,1693263255.891,gpt-3.5-turbo-0613
1131.4748192241336,1693263255.891,claude-instant-1
1128.3076526483424,1693263255.891,claude-2.0
1105.3146082754283,1693263255.891,gpt-3.5-turbo-0314
1098.2961563378049,1693263255.891,vicuna-33b
1089.8431260775353,1693263255.891,llama-2-70b-chat
1034.3693334942923,1693263255.891,vicuna-13b
1034.2363455623235,1693263255.891,mpt-30b-chat
1033.3537124176958,1693263255.891,wizardlm-13b
1026.1546645120684,1693263255.891,guanaco-33b
1000.0,1693263255.891,codellama-34b-instruct
996.6359999252841,1693263255.891,palm-2
994.4310197531694,1693263255.891,vicuna-7b
992.1900946827525,1693263255.891,llama-2-13b-chat
972.4895340881206,1693263255.891,llama-2-7b-chat
963.7622596367117,1693263255.891,koala-13b
939.6164593360143,1693263255.891,chatglm2-6b
1208.2908014527738,1692658455.891,gpt-4-0314
1180.1419287583715,1692658455.891,gpt-4-0613
1164.2141674386505,1692658455.891,claude-1
1137.9730017080078,1692658455.891,gpt-3.5-turbo-0613
1136.1283677166634,1692658455.891,claude-instant-1
1130.7487275016856,1692658455.891,claude-2.0
1108.1085251565296,1692658455.891,gpt-3.5-turbo-0314
1100.4110413483606,1692658455.891,vicuna-33b
1037.6437967367408,1692658455.891,vicuna-13b
1037.63506926937,1692658455.891,mpt-30b-chat
1033.7355002324446,1692658455.891,wizardlm-13b
1028.8487751310001,1692658455.891,guanaco-33b
999.551079666673,1692658455.891,palm-2
996.1876208605667,1692658455.891,vicuna-7b
991.1626223710754,1692658455.891,llama-2-13b-chat
969.7026923370042,1692658455.891,llama-2-7b-chat
966.5841563116867,1692658455.891,koala-13b
957.6496364598473,1692658455.891,chatglm2-6b
934.0719522262573,1692658455.891,gpt4all-13b-snoozy
929.5981230711876,1692658455.891,mpt-7b-chat
1207.882283276575,1692053655.891,gpt-4-0314
1185.938820921942,1692053655.891,gpt-4-0613
1163.8297677001174,1692053655.891,claude-1
1142.8957716032469,1692053655.891,gpt-3.5-turbo-0613
1135.7128880520274,1692053655.891,claude-instant-1
1131.4567368736766,1692053655.891,claude-2.0
1107.7047061474127,1692053655.891,gpt-3.5-turbo-0314
1098.512480505182,1692053655.891,vicuna-33b
1037.0609092352663,1692053655.891,mpt-30b-chat
1036.9593548426724,1692053655.891,vicuna-13b
1033.720331646643,1692053655.891,wizardlm-13b
1028.2499636751916,1692053655.891,guanaco-33b
999.4151328539973,1692053655.891,palm-2
996.3117305183415,1692053655.891,vicuna-7b
987.8227956536994,1692053655.891,llama-2-13b-chat
967.957709361084,1692053655.891,llama-2-7b-chat
966.1459819283101,1692053655.891,koala-13b
961.3884714083847,1692053655.891,chatglm2-6b
933.7107834645152,1692053655.891,gpt4all-13b-snoozy
929.1924547908717,1692053655.891,mpt-7b-chat
1206.4651916049716,1691448855.891,gpt-4-0314
1183.218358428614,1691448855.891,gpt-4-0613
1162.4220656286527,1691448855.891,claude-1
1146.2454246006428,1691448855.891,gpt-3.5-turbo-0613
1134.320776792944,1691448855.891,claude-instant-1
1127.4195370964424,1691448855.891,claude-2.0
1106.2907045653349,1691448855.891,gpt-3.5-turbo-0314
1096.6623794498066,1691448855.891,vicuna-33b
1037.3854157232213,1691448855.891,mpt-30b-chat
1035.5028991240754,1691448855.891,vicuna-13b
1030.9376653387706,1691448855.891,wizardlm-13b
1026.043975653453,1691448855.891,guanaco-33b
998.7752446038567,1691448855.891,palm-2
994.8643613291927,1691448855.891,vicuna-7b
983.595232879376,1691448855.891,llama-2-13b-chat
968.2994017767179,1691448855.891,llama-2-7b-chat
964.752197573377,1691448855.891,koala-13b
932.2088863488564,1691448855.891,gpt4all-13b-snoozy
927.3708270640191,1691448855.891,mpt-7b-chat
923.0204364699719,1691448855.891,RWKV-4-Raven-14B
1206.5048590900328,1690844055.891,gpt-4-0314
1182.089067911179,1690844055.891,gpt-4-0613
1162.4391481713951,1690844055.891,claude-1
1146.3507753303195,1690844055.891,gpt-3.5-turbo-0613
1135.2505225428217,1690844055.891,claude-instant-1
1123.4070570932022,1690844055.891,claude-2.0
1106.2946021538621,1690844055.891,gpt-3.5-turbo-0314
1097.1608879174537,1690844055.891,vicuna-33b
1037.5010064113067,1690844055.891,mpt-30b-chat
1035.7770346588393,1690844055.891,vicuna-13b
1029.5350745117144,1690844055.891,wizardlm-13b
1025.884052560846,1690844055.891,guanaco-33b
999.7523499151365,1690844055.891,palm-2
994.4671662237131,1690844055.891,vicuna-7b
987.8228275543984,1690844055.891,llama-2-13b-chat
969.6854768800195,1690844055.891,llama-2-7b-chat
964.7533373467377,1690844055.891,koala-13b
932.1384445570147,1690844055.891,gpt4all-13b-snoozy
927.2534830940901,1690844055.891,mpt-7b-chat
922.8308037521163,1690844055.891,RWKV-4-Raven-14B
1207.1768456366458,1690239255.891,gpt-4-0314
1187.0148825916574,1690239255.891,gpt-4-0613
1163.0750256591134,1690239255.891,claude-1
1147.3174995844536,1690239255.891,gpt-3.5-turbo-0613
1137.4838562525895,1690239255.891,claude-instant-1
1121.3870984877306,1690239255.891,claude-2.0
1106.9299335948585,1690239255.891,gpt-3.5-turbo-0314
1096.421774666338,1690239255.891,vicuna-33b
1036.9672847528911,1690239255.891,mpt-30b-chat
1036.3165755593477,1690239255.891,vicuna-13b
1029.4459922352505,1690239255.891,wizardlm-13b
1026.9944752612232,1690239255.891,guanaco-33b
1001.5481643898154,1690239255.891,palm-2
994.0337124959085,1690239255.891,vicuna-7b
979.6316551569284,1690239255.891,llama-2-13b-chat
965.3184050032328,1690239255.891,koala-13b
962.4441513532034,1690239255.891,llama-2-7b-chat
932.6596108924601,1690239255.891,gpt4all-13b-snoozy
927.8055297451621,1690239255.891,mpt-7b-chat
923.7878683417539,1690239255.891,RWKV-4-Raven-14B
1209.8844649860787,1689634455.891,gpt-4-0314
1190.7913954422825,1689634455.891,gpt-4-0613
1165.502085606448,1689634455.891,claude-1
1150.0921613122512,1689634455.891,gpt-3.5-turbo-0613
1141.3794614238723,1689634455.891,claude-instant-1
1109.608090458199,1689634455.891,gpt-3.5-turbo-0314
1098.2470998066726,1689634455.891,vicuna-33b
1039.533596436454,1689634455.891,vicuna-13b
1039.3800338802932,1689634455.891,mpt-30b-chat
1031.3302196850261,1689634455.891,guanaco-33b
1030.9688765978535,1689634455.891,wizardlm-13b
1005.1461576186524,1689634455.891,palm-2
995.3288518445996,1689634455.891,vicuna-7b
968.0469677172123,1689634455.891,koala-13b
933.912047295212,1689634455.891,gpt4all-13b-snoozy
930.6750624756553,1689634455.891,mpt-7b-chat
926.1017793447668,1689634455.891,RWKV-4-Raven-14B
904.6110394223485,1689634455.891,alpaca-13b
898.3690865213063,1689634455.891,oasst-pythia-12b
882.4460944926848,1689634455.891,chatglm-6b
1209.6343197153253,1689029655.891,gpt-4-0314
1191.837190046415,1689029655.891,gpt-4-0613
1163.5853881934531,1689029655.891,claude-1
1144.8284633490503,1689029655.891,gpt-3.5-turbo-0613
1140.040608396329,1689029655.891,claude-instant-1
1109.4321540499425,1689029655.891,gpt-3.5-turbo-0314
1098.727632432533,1689029655.891,vicuna-33b
1044.105594336628,1689029655.891,mpt-30b-chat
1039.7264079977906,1689029655.891,vicuna-13b
1032.4832568663558,1689029655.891,wizardlm-13b
1031.8534038815703,1689029655.891,guanaco-33b
1006.2650850592182,1689029655.891,palm-2
994.0274836071453,1689029655.891,vicuna-7b
968.4223623395363,1689029655.891,koala-13b
934.98318052131,1689029655.891,gpt4all-13b-snoozy
930.1991258875221,1689029655.891,mpt-7b-chat
925.6718865677309,1689029655.891,RWKV-4-Raven-14B
903.9453627507112,1689029655.891,alpaca-13b
898.5526627230297,1689029655.891,oasst-pythia-12b
881.9668546590767,1689029655.891,chatglm-6b
1211.923651350909,1688424855.891,gpt-4-0314
1180.6792667750847,1688424855.891,gpt-4-0613
1164.888609750643,1688424855.891,claude-1
1143.7573747809415,1688424855.891,claude-instant-1
1111.746211722226,1688424855.891,gpt-3.5-turbo-0314
1109.9413616977918,1688424855.891,gpt-3.5-turbo-0613
1094.9590314763968,1688424855.891,vicuna-33b
1045.4861059572277,1688424855.891,mpt-30b-chat
1041.6998849698116,1688424855.891,vicuna-13b
1035.903479093316,1688424855.891,wizardlm-13b
1035.0764384227512,1688424855.891,guanaco-33b
1010.1339084244553,1688424855.891,palm-2
996.0757166596593,1688424855.891,vicuna-7b
970.3779451669146,1688424855.891,koala-13b
936.4392909670194,1688424855.891,gpt4all-13b-snoozy
932.8381807311437,1688424855.891,mpt-7b-chat
928.3497249891196,1688424855.891,RWKV-4-Raven-14B
906.4744362170757,1688424855.891,alpaca-13b
900.5878091272274,1688424855.891,oasst-pythia-12b
883.9325403016445,1688424855.891,chatglm-6b
1225.5530085213902,1687820055.891,gpt-4-0314
1177.6899547149817,1687820055.891,claude-1
1157.0744169100822,1687820055.891,claude-instant-1
1124.823974645957,1687820055.891,gpt-3.5-turbo-0314
1107.043145802846,1687820055.891,vicuna-33b
1056.1504108956626,1687820055.891,mpt-30b-chat
1055.8336788398792,1687820055.891,guanaco-33b
1054.301163747147,1687820055.891,vicuna-13b
1046.504612440587,1687820055.891,wizardlm-13b
1026.3153827295948,1687820055.891,palm-2
1007.3586882987305,1687820055.891,vicuna-7b
983.4121112739911,1687820055.891,koala-13b
949.5247775806589,1687820055.891,gpt4all-13b-snoozy
945.8816292066456,1687820055.891,mpt-7b-chat
941.068141593961,1687820055.891,RWKV-4-Raven-14B
919.5529625524525,1687820055.891,alpaca-13b
914.7671367525431,1687820055.891,oasst-pythia-12b
896.0546933844157,1687820055.891,chatglm-6b
892.0647498489113,1687820055.891,fastchat-t5-3b
862.5047798528287,1687820055.891,stablelm-tuned-alpha-7b
1235.5553232152138,1687215255.891,gpt-4-0314
1185.0969662353264,1687215255.891,claude-1
1164.9258292373345,1687215255.891,claude-instant-1
1133.8436240830226,1687215255.891,gpt-3.5-turbo-0314
1079.1571277853675,1687215255.891,guanaco-33b
1060.7634074088269,1687215255.891,vicuna-13b
1054.6368280218794,1687215255.891,wizardlm-13b
1038.461724980522,1687215255.891,palm-2
1012.5276817001063,1687215255.891,vicuna-7b
989.8350338276948,1687215255.891,koala-13b
957.8295557770539,1687215255.891,gpt4all-13b-snoozy
953.828475598504,1687215255.891,mpt-7b-chat
947.1176280583255,1687215255.891,RWKV-4-Raven-14B
925.3134529651958,1687215255.891,alpaca-13b
921.5144515428719,1687215255.891,oasst-pythia-12b
901.8443435272324,1687215255.891,chatglm-6b
899.2331195973579,1687215255.891,fastchat-t5-3b
869.229603319023,1687215255.891,stablelm-tuned-alpha-7b
846.1241523789942,1687215255.891,dolly-v2-12b
823.161670740147,1687215255.891,llama-13b
1239.559083169082,1686610455.891,gpt-4-0314
1187.5233689113816,1686610455.891,claude-1
1167.2054312022663,1686610455.891,claude-instant-1
1137.2803836516875,1686610455.891,gpt-3.5-turbo-0314
1085.542127334808,1686610455.891,guanaco-33b
1064.181939699446,1686610455.891,vicuna-13b
1040.0744346086583,1686610455.891,palm-2
1032.6994074076893,1686610455.891,wizardlm-13b
1013.6880912917734,1686610455.891,vicuna-7b
992.4172501243296,1686610455.891,koala-13b
954.8056934344321,1686610455.891,mpt-7b-chat
948.7948181217997,1686610455.891,RWKV-4-Raven-14B
932.475451413425,1686610455.891,gpt4all-13b-snoozy
927.6722855533149,1686610455.891,alpaca-13b
925.5673623432754,1686610455.891,oasst-pythia-12b
903.5839079118572,1686610455.891,chatglm-6b
902.3716510463131,1686610455.891,fastchat-t5-3b
870.9981195344003,1686610455.891,stablelm-tuned-alpha-7b
848.4789575782538,1686610455.891,dolly-v2-12b
825.0802356618059,1686610455.891,llama-13b
1243.9807563905408,1686005655.891,gpt-4-0314
1189.8689995576055,1686005655.891,claude-1
1168.5152156167192,1686005655.891,claude-instant-1
1139.8558332469643,1686005655.891,gpt-3.5-turbo-0314
1068.346076372134,1686005655.891,vicuna-13b
1042.8649794345633,1686005655.891,palm-2
1015.3368344644208,1686005655.891,vicuna-7b
995.7172997634117,1686005655.891,koala-13b
961.1810239406042,1686005655.891,mpt-7b-chat
949.9864157964508,1686005655.891,RWKV-4-Raven-14B
930.3424931042974,1686005655.891,alpaca-13b
928.8063130764192,1686005655.891,oasst-pythia-12b
906.1479960838301,1686005655.891,fastchat-t5-3b
904.6751698011728,1686005655.891,chatglm-6b
873.3847145795798,1686005655.891,stablelm-tuned-alpha-7b
852.3866052793835,1686005655.891,dolly-v2-12b
828.6032734919023,1686005655.891,llama-13b
1245.4582079372926,1685400855.891,gpt-4-0314
1191.305137577754,1685400855.891,claude-1
1171.1209066099304,1685400855.891,claude-instant-1
1142.6161172674845,1685400855.891,gpt-3.5-turbo-0314
1069.197595263196,1685400855.891,vicuna-13b
1046.5047131478775,1685400855.891,palm-2
1015.7171738760339,1685400855.891,vicuna-7b
994.6617592563565,1685400855.891,koala-13b
962.6816682784986,1685400855.891,mpt-7b-chat
947.4190499651028,1685400855.891,RWKV-4-Raven-14B
928.4996209469897,1685400855.891,alpaca-13b
928.11271899213,1685400855.891,oasst-pythia-12b
902.5520716726107,1685400855.891,fastchat-t5-3b
901.9863311203507,1685400855.891,chatglm-6b
872.9785390027091,1685400855.891,stablelm-tuned-alpha-7b
851.4072779096585,1685400855.891,dolly-v2-12b
827.7811111760243,1685400855.891,llama-13b
1247.36516238146,1684796055.891,gpt-4-0314
1192.4003992884843,1684796055.891,claude-1
1161.7357621509066,1684796055.891,claude-instant-1
1146.2851225684594,1684796055.891,gpt-3.5-turbo-0314
1073.0428272800748,1684796055.891,vicuna-13b
1059.2005653078054,1684796055.891,palm-2
1014.6383563372208,1684796055.891,vicuna-7b
997.7079636506764,1684796055.891,koala-13b
960.1689324972427,1684796055.891,mpt-7b-chat
945.4355936925155,1684796055.891,RWKV-4-Raven-14B
926.7712777868087,1684796055.891,oasst-pythia-12b
926.0509849872398,1684796055.891,alpaca-13b
903.8931451795556,1684796055.891,fastchat-t5-3b
895.9878873442414,1684796055.891,chatglm-6b
873.724655721274,1684796055.891,stablelm-tuned-alpha-7b
849.1463799943483,1684796055.891,dolly-v2-12b
826.4449838316864,1684796055.891,llama-13b
1261.5213892557815,1684191255.891,gpt-4-0314
1203.7702272600275,1684191255.891,claude-1
1155.1567030521533,1684191255.891,gpt-3.5-turbo-0314
1095.7937376198588,1684191255.891,palm-2
1084.6268211234185,1684191255.891,vicuna-13b
1011.5295256615938,1684191255.891,koala-13b
965.5748920817585,1684191255.891,mpt-7b-chat
960.3234660685703,1684191255.891,RWKV-4-Raven-14B
937.7929020544651,1684191255.891,oasst-pythia-12b
936.0377034318496,1684191255.891,alpaca-13b
911.0033150669435,1684191255.891,fastchat-t5-3b
899.1806326387295,1684191255.891,chatglm-6b
883.2032137263101,1684191255.891,stablelm-tuned-alpha-7b
857.7979848564628,1684191255.891,dolly-v2-12b
836.6874861020772,1684191255.891,llama-13b
1270.250882959927,1683586455.891,gpt-4-0314
1223.1247593101434,1683586455.891,claude-1
1164.1028246987278,1683586455.891,gpt-3.5-turbo-0314
1090.6791082948855,1683586455.891,vicuna-13b
1013.0237891634739,1683586455.891,koala-13b
976.9549592361261,1683586455.891,RWKV-4-Raven-14B
939.7334275319664,1683586455.891,oasst-pythia-12b
935.6733473709612,1683586455.891,alpaca-13b
902.7251872686508,1683586455.891,chatglm-6b
902.6578608706227,1683586455.891,fastchat-t5-3b
889.6962273861224,1683586455.891,stablelm-tuned-alpha-7b
856.414322583587,1683586455.891,dolly-v2-12b
834.9633033248062,1683586455.891,llama-13b
1164.9171959970786,1682981655.891,vicuna-13b
1085.7553596554321,1682981655.891,koala-13b
1018.576086405692,1682981655.891,alpaca-13b
1008.0914572182102,1682981655.891,oasst-pythia-12b
973.4793212835393,1682981655.891,chatglm-6b
960.1623856754281,1682981655.891,fastchat-t5-3b
953.2511527430137,1682981655.891,stablelm-tuned-alpha-7b
937.383065278475,1682981655.891,dolly-v2-12b
898.3839757431314,1682981655.891,llama-13b
